update,frames,FPS,duration,rreturn_mean,rreturn_std,rreturn_min,rreturn_max,num_frames_mean,num_frames_std,num_frames_min,num_frames_max,entropy,value,policy_loss,value_loss,grad_norm,return_mean,return_std,return_min,return_max
1,2048,607.6046360798946,3,0.04097222164273262,0.15868473207942252,0.0,0.6555555462837219,7.75,30.01562093310748,0.0,124.0,1.9223663210868835,-0.10546584893018007,-0.02539625426288694,0.0024723279202589765,0.03614418153261524,0.04097222164273262,0.15868473207942252,0.0,0.6555555462837219
update,frames,FPS,duration,rreturn_mean,rreturn_std,rreturn_min,rreturn_max,num_frames_mean,num_frames_std,num_frames_min,num_frames_max,entropy,value,policy_loss,value_loss,grad_norm,return_mean,return_std,return_min,return_max
2,4096,546.5815828855922,7,0.04097222164273262,0.15868473207942252,0.0,0.6555555462837219,7.75,30.01562093310748,0.0,124.0,1.9358416646718979,-0.0789077552035451,-0.01626658928580582,0.00015453652122232597,0.007289714212305983,0.04097222164273262,0.15868473207942252,0.0,0.6555555462837219
update,frames,FPS,duration,rreturn_mean,rreturn_std,rreturn_min,rreturn_max,num_frames_mean,num_frames_std,num_frames_min,num_frames_max,entropy,value,policy_loss,value_loss,grad_norm,return_mean,return_std,return_min,return_max
3,6144,505.0071690399441,11,0.04097222164273262,0.15868473207942252,0.0,0.6555555462837219,311.5,48.41229182759271,124.0,324.0,1.9368155747652054,-0.05674897786229849,-0.01914910483174026,0.000292438122414751,0.010234453919463884,0.04097222164273262,0.15868473207942252,0.0,0.6555555462837219
update,frames,FPS,duration,rreturn_mean,rreturn_std,rreturn_min,rreturn_max,num_frames_mean,num_frames_std,num_frames_min,num_frames_max,entropy,value,policy_loss,value_loss,grad_norm,return_mean,return_std,return_min,return_max
4,8192,491.4923453060407,15,0.0,0.0,0.0,0.0,324.0,0.0,324.0,324.0,1.9390638768672943,-0.050245821475982666,-0.009360914933495224,6.789420194763807e-05,0.0058677720571479585,0.0,0.0,0.0,0.0
update,frames,FPS,duration,rreturn_mean,rreturn_std,rreturn_min,rreturn_max,num_frames_mean,num_frames_std,num_frames_min,num_frames_max,entropy,value,policy_loss,value_loss,grad_norm,return_mean,return_std,return_min,return_max
5,10240,486.34793358305046,19,0.029513888992369175,0.0782406553885112,0.0,0.25,317.875,16.301361139487707,270.0,324.0,1.9412261545658112,-0.03940950380638242,-0.013376944465562701,0.0004445634531293763,0.00816559071853553,0.029513888992369175,0.0782406553885112,0.0,0.25
update,frames,FPS,duration,rreturn_mean,rreturn_std,rreturn_min,rreturn_max,num_frames_mean,num_frames_std,num_frames_min,num_frames_max,entropy,value,policy_loss,value_loss,grad_norm,return_mean,return_std,return_min,return_max
6,12288,499.9477694360686,23,0.029513888992369175,0.0782406553885112,0.0,0.25,317.875,16.301361139487707,270.0,324.0,1.941500797867775,-0.033153611700981855,-0.007750422926619649,6.858901633677306e-05,0.0036113002465150935,0.029513888992369175,0.0782406553885112,0.0,0.25
update,frames,FPS,duration,rreturn_mean,rreturn_std,rreturn_min,rreturn_max,num_frames_mean,num_frames_std,num_frames_min,num_frames_max,entropy,value,policy_loss,value_loss,grad_norm,return_mean,return_std,return_min,return_max
7,14336,481.95167519598584,27,0.029513888992369175,0.0782406553885112,0.0,0.25,317.875,16.301361139487707,270.0,324.0,1.9417890459299088,-0.02817750652320683,-0.004844094626605511,2.9038595130259637e-05,0.002257569832535989,0.029513888992369175,0.0782406553885112,0.0,0.25
update,frames,FPS,duration,rreturn_mean,rreturn_std,rreturn_min,rreturn_max,num_frames_mean,num_frames_std,num_frames_min,num_frames_max,entropy,value,policy_loss,value_loss,grad_norm,return_mean,return_std,return_min,return_max
8,16384,530.6014906000358,31,0.0,0.0,0.0,0.0,324.0,0.0,324.0,324.0,1.9430336654186249,-0.020525916013866663,-0.0065345363691449165,5.679219066223595e-05,0.002848896313574178,0.0,0.0,0.0,0.0
update,frames,FPS,duration,rreturn_mean,rreturn_std,rreturn_min,rreturn_max,num_frames_mean,num_frames_std,num_frames_min,num_frames_max,entropy,value,policy_loss,value_loss,grad_norm,return_mean,return_std,return_min,return_max
9,18432,500.5468234235088,35,0.03541666641831398,0.1371681592163135,0.0,0.5666666626930237,313.5,40.66632513517788,156.0,324.0,1.9393011033535004,-0.01385571644641459,-0.00815999519545585,0.0010490861277503427,0.010711710038889082,0.03541666641831398,0.1371681592163135,0.0,0.5666666626930237
update,frames,FPS,duration,rreturn_mean,rreturn_std,rreturn_min,rreturn_max,num_frames_mean,num_frames_std,num_frames_min,num_frames_max,entropy,value,policy_loss,value_loss,grad_norm,return_mean,return_std,return_min,return_max
10,20480,508.10072466717077,39,0.03541666641831398,0.1371681592163135,0.0,0.5666666626930237,313.5,40.66632513517788,156.0,324.0,1.9419750273227692,-0.00963825627695769,-0.0027793601620942354,7.159922233768157e-05,0.003475935592938299,0.03541666641831398,0.1371681592163135,0.0,0.5666666626930237
11,22528,521.2433205406263,43,0.03541666641831398,0.1371681592163135,0.0,0.5666666626930237,313.5,40.66632513517788,156.0,324.0,1.943353846669197,-0.007489712676033378,-0.0015750077873235568,3.701630066643702e-05,0.0028609849893894727,0.03541666641831398,0.1371681592163135,0.0,0.5666666626930237
12,24576,517.4551537660722,47,0.0,0.0,0.0,0.0,324.0,0.0,324.0,324.0,1.9440929889678955,-0.006429932080209255,-0.0012686510526691563,2.3832438273529988e-05,0.0016874942300752717,0.0,0.0,0.0,0.0
13,26624,493.5533110870672,51,0.0,0.0,0.0,0.0,324.0,0.0,324.0,324.0,1.9446323812007904,-0.0053218198590911925,-0.0015958073345245793,1.9567958361221827e-05,0.0014371969814451963,0.0,0.0,0.0,0.0
14,28672,532.0244354056721,55,0.0,0.0,0.0,0.0,324.0,0.0,324.0,324.0,1.9445758163928986,-0.004379069927381352,-0.001366251141007524,1.8641139376995852e-05,0.0014188676462555023,0.0,0.0,0.0,0.0
15,30720,549.2902969528161,59,0.03003472276031971,0.11632398105867509,0.0,0.48055556416511536,315.4375,33.162419901901,187.0,324.0,1.9418970048427582,-0.000474424672574969,-0.003227306489861803,0.0003833133159787394,0.0064183170043691975,0.03003472276031971,0.11632398105867509,0.0,0.48055556416511536
16,32768,506.5467444187441,63,0.03003472276031971,0.11632398105867509,0.0,0.48055556416511536,315.4375,33.162419901901,187.0,324.0,1.9436130076646805,-0.002828637880156748,-0.0006120157258919789,3.323121222820191e-05,0.002817381237984133,0.03003472276031971,0.11632398105867509,0.0,0.48055556416511536
17,34816,521.6266027463759,67,0.02690972201526165,0.10422090521617945,0.0,0.4305555522441864,316.5625,28.80531363741766,205.0,324.0,1.941109761595726,0.0019340471699251793,-0.004317734885262325,0.00040819977039063815,0.007408721892882988,0.02690972201526165,0.10422090521617945,0.0,0.4305555522441864
18,36864,565.9198987318489,71,0.0694444440305233,0.14575063696290938,0.0,0.4305555522441864,305.75,38.57541315397672,205.0,324.0,1.9414288103580475,0.004750129402964376,6.874861901451368e-05,0.00017569123156135902,0.005226652353865962,0.0694444440305233,0.14575063696290938,0.0,0.4305555522441864
19,38912,552.3377853555298,74,0.06180555559694767,0.12884705075035663,0.0,0.3472222089767456,308.5,32.36317351558713,235.0,324.0,1.9426841288805008,0.0028778931591659784,-0.0010272735271428246,0.00015850380577830947,0.006225637973164801,0.06180555559694767,0.12884705075035663,0.0,0.3472222089767456
20,40960,551.7308514376616,78,0.01927083358168602,0.07463561752940458,0.0,0.3083333373069763,319.3125,18.15460943534727,249.0,324.0,1.9435896277427673,0.0007609565727761947,3.5171073250239715e-05,5.1063718274235725e-05,0.0029915151517830646,0.01927083358168602,0.07463561752940458,0.0,0.3083333373069763
21,43008,552.9559513480029,82,0.0,0.0,0.0,0.0,324.0,0.0,324.0,324.0,1.9446633756160736,-0.0007239863225549925,-4.863670437771361e-05,2.439587910885166e-05,0.0016010184241018102,0.0,0.0,0.0,0.0
22,45056,496.00691712608284,86,0.06631944328546524,0.17564056562070568,0.0,0.5527777671813965,304.625,51.33940372657244,161.0,324.0,1.936921164393425,0.008864917268510908,-0.008949303068220615,0.0009519201557850465,0.016572345892885226,0.06631944328546524,0.17564056562070568,0.0,0.5527777671813965
23,47104,574.6270710145462,90,0.08871527574956417,0.18815591855185965,0.0,0.5527777671813965,298.8125,54.011825962005766,161.0,324.0,1.9422454535961151,0.003938390058465302,-0.00036132800960331224,8.677944242663216e-05,0.005516677261391413,0.08871527574956417,0.18815591855185965,0.0,0.5527777671813965
24,49152,534.1419474068268,93,0.09045138768851757,0.19496450339313878,0.0,0.6388888955116272,298.1875,56.73426957095685,130.0,324.0,1.9323515594005585,0.013708476908504963,-0.008877838379703462,0.0013758075292571448,0.015146024399062466,0.09045138768851757,0.19496450339313878,0.0,0.6388888955116272
25,51200,597.0690146833525,97,0.09878472238779068,0.19356689115779427,0.0,0.6388888955116272,297.4375,56.37815262803491,130.0,324.0,1.928858831524849,0.014795113704167306,-0.00044051199074601755,0.0005382199233281426,0.008588680785939724,0.09878472238779068,0.19356689115779427,0.0,0.6388888955116272
26,53248,515.5292573483433,101,0.09878472238779068,0.19356689115779427,0.0,0.6388888955116272,297.4375,56.37815262803491,130.0,324.0,1.9359366595745087,0.020216186298057437,-0.002794861669826787,0.0006029984142514877,0.008762785293849764,0.09878472238779068,0.19356689115779427,0.0,0.6388888955116272
27,55296,528.3773452459241,105,0.0798611119389534,0.2116780148998074,0.0,0.675000011920929,299.75,64.32388747580482,117.0,324.0,1.930745393037796,0.019719927688129246,-0.002627471971209161,0.001187778132589301,0.016531050872628524,0.0798611119389534,0.2116780148998074,0.0,0.675000011920929
28,57344,520.7915699269255,109,0.10833333432674408,0.22748329773971593,0.0,0.675000011920929,291.75,67.98942932544735,117.0,324.0,1.9299062937498093,0.02417216484900564,-0.005289590801112354,0.001160470779723255,0.014793322499201499,0.10833333432674408,0.22748329773971593,0.0,0.675000011920929
29,59392,573.3066646039039,112,0.10833333432674408,0.22748329773971593,0.0,0.675000011920929,291.75,67.98942932544735,117.0,324.0,1.9382864385843277,0.01715966162737459,0.002707200219447259,8.559744856029283e-05,0.005187564750391506,0.10833333432674408,0.22748329773971593,0.0,0.675000011920929
30,61440,545.4708047070108,116,0.06614583358168602,0.17502264787975833,0.0,0.5361111164093018,304.6875,51.103716535590635,167.0,324.0,1.9362106919288635,0.015293294447474182,0.0001904425662360154,0.00029758303207927383,0.00616410694560752,0.06614583358168602,0.17502264787975833,0.0,0.5361111164093018
31,63488,550.4969148546539,120,0.039062499068677425,0.10971548922241267,0.0,0.4166666567325592,314.4375,28.56345731437285,210.0,324.0,1.931297391653061,0.021530737867578864,-0.0006609666816075332,0.0007015391893219203,0.010653084640262864,0.039062499068677425,0.10971548922241267,0.0,0.4166666567325592
32,65536,511.2736758714485,124,0.10885416436940432,0.17865510733811046,0.0,0.5694444179534912,296.0625,49.75121700772756,155.0,324.0,1.9134361147880554,0.02342691575177014,-0.0028645237907767296,0.0008532717474736273,0.01629926673278463,0.10885416436940432,0.17865510733811046,0.0,0.5694444179534912
33,67584,529.0998896457997,128,0.11996527574956417,0.18968433636406423,0.0,0.5694444179534912,292.0625,52.94982147042613,155.0,324.0,1.9313374906778336,0.010303457849659026,-0.0004600418178597465,0.0003266881376475794,0.006971618892744496,0.11996527574956417,0.18968433636406423,0.0,0.5694444179534912
34,69632,540.168098070623,131,0.09461805410683155,0.2127233464789912,0.0,0.7666666507720947,296.6875,63.79137750315476,84.0,324.0,1.9243737757205963,0.018157684931793483,-0.007580079836770892,0.00218586454866454,0.02927605341076785,0.09461805410683155,0.2127233464789912,0.0,0.7666666507720947
35,71680,505.8091410359132,135,0.150520833209157,0.22846318465103635,0.0,0.7666666507720947,283.3125,68.04292647843712,84.0,324.0,1.9233079105615616,0.038430905900895596,-0.00591255645849742,0.001820132791181095,0.01741831965258666,0.150520833209157,0.22846318465103635,0.0,0.7666666507720947
36,73728,551.4222560595925,139,0.18732638843357563,0.24683757462956174,0.0,0.7666666507720947,272.3125,74.05464093323253,84.0,324.0,1.9188415557146072,0.02776487055234611,-0.004463902529096231,0.0008930158546718303,0.01472995619806728,0.18732638843357563,0.24683757462956174,0.0,0.7666666507720947
37,75776,543.9385434683977,143,0.23940972052514553,0.25407219219552324,0.0,0.6194444298744202,255.8125,74.74809257599821,137.0,324.0,1.897102728486061,0.04751414153724909,-0.011163953924551606,0.0018801497790263966,0.018638658606815843,0.23940972052514553,0.25407219219552324,0.0,0.6194444298744202
38,77824,554.9440165758324,147,0.1263888869434595,0.22846905216036162,0.0,0.6194444298744202,287.5,67.46017343588734,137.0,324.0,1.9342970997095108,0.03214294812642038,0.0067146942019462585,0.0002017198348767124,0.007364873722198467,0.1263888869434595,0.22846905216036162,0.0,0.6194444298744202
39,79872,535.0716666369749,150,0.09079861082136631,0.19915116554924125,0.0,0.6194444298744202,298.0625,58.526135988547885,137.0,324.0,1.9331854730844498,0.02839092491194606,0.005871424684301019,8.18546077425708e-05,0.004819647792531821,0.09079861082136631,0.19915116554924125,0.0,0.6194444298744202
40,81920,553.8777276267803,154,0.04722222127020359,0.1256925234816507,0.0,0.4166666567325592,311.5,33.44024521441193,210.0,324.0,1.9226465374231339,0.030397361144423485,-0.0020208560745231807,0.0005509649345185608,0.015164904876049734,0.04722222127020359,0.1256925234816507,0.0,0.4166666567325592
41,83968,547.6732883995538,158,0.22777777351439,0.2773399279625744,0.0,0.7361111044883728,257.75,83.46518735377043,95.0,324.0,1.9098996669054031,0.045891336631029844,-0.01781914138700813,0.0032079300144687295,0.02764413043005911,0.22777777351439,0.2773399279625744,0.0,0.7361111044883728
42,86016,579.2735161549757,161,0.32222222071141005,0.2845680473910494,0.0,0.7611111402511597,230.5,87.5592656433344,86.0,324.0,1.8976218700408936,0.06033641844987869,-0.0033892856245074654,0.0037924965436104685,0.023599420882247008,0.32222222071141005,0.2845680473910494,0.0,0.7611111402511597
43,88064,552.5654633920664,165,0.21059027966111898,0.26074002350426395,0.0,0.7611111402511597,263.9375,77.84236374719103,86.0,324.0,1.8528132289648056,0.08706084825098515,-0.0006408349727280438,0.002845267328666523,0.036849846867853225,0.21059027966111898,0.26074002350426395,0.0,0.7611111402511597
44,90112,534.4939505899825,169,0.16822916641831398,0.2574375304863058,0.0,0.730555534362793,274.6875,76.6140642685793,97.0,324.0,1.8682293444871902,0.09027540031820536,0.013381405966356397,0.0020035515335621312,0.045550959931297395,0.16822916641831398,0.2574375304863058,0.0,0.730555534362793
45,92160,554.5224355094857,173,0.25815972313284874,0.3107644221973369,0.0,0.855555534362793,246.8125,95.24194109608435,52.0,324.0,1.8740793019533157,0.09543051570653915,-0.0046247782884165645,0.0033336415654048324,0.0407862699985872,0.25815972313284874,0.3107644221973369,0.0,0.855555534362793
46,94208,531.652180963402,177,0.37065972201526165,0.31924959017842935,0.0,0.855555534362793,213.0625,99.54802154613621,52.0,324.0,1.8927444219589233,0.10771901439875364,-0.004069027985678986,0.0035247867926955223,0.027795121183341914,0.37065972201526165,0.31924959017842935,0.0,0.855555534362793
47,96256,542.242912534479,180,0.30677083134651184,0.3009052173756361,0.0,0.8444444537162781,233.8125,92.59941870092922,56.0,324.0,1.8697960823774338,0.1054876996204257,0.007423080940498039,0.0027409451722633094,0.033650119042705734,0.30677083134651184,0.3009052173756361,0.0,0.8444444537162781
48,98304,554.1129324298965,184,0.27361110784113407,0.31197795595496725,0.0,0.7583333253860474,243.5,96.91233151668574,87.0,324.0,1.8845950067043304,0.10353906732052565,-0.008454846567474306,0.002979877812322229,0.026659716713283592,0.27361110784113407,0.31197795595496725,0.0,0.7583333253860474
49,100352,527.6015139760494,188,0.2927083298563957,0.3242897514348111,0.0,0.7583333253860474,236.625,100.79550771239758,87.0,324.0,1.8928109258413315,0.09745300095528364,-0.00036022457788931206,0.0027633444988168776,0.024557976213202916,0.2927083298563957,0.3242897514348111,0.0,0.7583333253860474
50,102400,556.1512867328097,192,0.19322916492819786,0.2536918132828131,0.0,0.730555534362793,270.1875,76.43724448035788,97.0,324.0,1.9039709270000458,0.09845094755291939,0.00804469539434649,0.002003544825129211,0.018637426620388156,0.19322916492819786,0.2536918132828131,0.0,0.730555534362793
51,104448,524.670390694292,195,0.17986111342906952,0.24420462932045406,0.0,0.6527777910232544,272.75,71.54587689028628,125.0,324.0,1.9230666309595108,0.08533205837011337,0.007944190496345982,0.0006748264677298721,0.012580437277189011,0.17986111342906952,0.24420462932045406,0.0,0.6527777910232544
52,106496,583.2349165237821,199,0.28940972220152617,0.3193647509568786,0.0,0.8472222089767456,237.8125,98.9527783528588,55.0,324.0,1.8953142166137695,0.10728044714778662,-0.015452219755388796,0.003806912834988907,0.03255185706916378,0.28940972220152617,0.3193647509568786,0.0,0.8472222089767456
53,108544,545.5965697402852,203,0.39427083265036345,0.3332037736981713,0.0,0.8999999761581421,206.8125,107.1151359227537,36.0,324.0,1.895781233906746,0.11818997841328382,-0.004790982566191815,0.0041932604217436165,0.031842304825068224,0.39427083265036345,0.3332037736981713,0.0,0.8999999761581421
54,110592,526.3549971016553,207,0.4309027772396803,0.32126425130245473,0.0,0.8999999761581421,193.625,100.81782766455544,36.0,324.0,1.8728448152542114,0.12591248005628586,-0.0033156429781229235,0.0049166382232215255,0.03417241621844358,0.4309027772396803,0.32126425130245473,0.0,0.8999999761581421
55,112640,528.3223590492561,211,0.2975694499909878,0.2806275331241556,0.0,0.6805555820465088,237.125,84.56201496534955,115.0,324.0,1.907959908246994,0.08607291616499424,0.0022741302818758413,0.0022047054080758244,0.02383479396463685,0.2975694499909878,0.2806275331241556,0.0,0.6805555820465088
56,114688,515.6611872495888,214,0.18993055913597345,0.24820318614549247,0.0,0.6805555820465088,271.375,74.38907429858232,115.0,324.0,1.8987989872694016,0.08718222845345736,0.0009791377960937098,0.002584578047390096,0.02936787896586387,0.18993055913597345,0.24820318614549247,0.0,0.6805555820465088
57,116736,531.3703652428925,218,0.21753471996635199,0.28661248784085114,0.0,0.8472222089767456,263.6875,90.28269404348765,55.0,324.0,1.8954003155231476,0.09376203641295433,0.0046535133151337504,0.0022926021192688495,0.02604295113359628,0.21753471996635199,0.28661248784085114,0.0,0.8472222089767456
58,118784,543.9775020844186,222,0.32829861529171467,0.3356663470232904,0.0,0.8583333492279053,226.0625,105.82206099745932,51.0,324.0,1.8853767216205597,0.08992845006287098,-0.008593284001108259,0.0033947294286917895,0.0373245995694108,0.32829861529171467,0.3356663470232904,0.0,0.8583333492279053
59,120832,541.9342374513983,226,0.37361111398786306,0.29082882782306374,0.0,0.8583333492279053,216.5,93.72166238389073,51.0,324.0,1.9033382833003998,0.09733866527676582,-0.0037647668650606647,0.0031757398101035506,0.027765884923298692,0.37361111398786306,0.29082882782306374,0.0,0.8583333492279053
60,122880,584.3942943089223,229,0.38420138880610466,0.29888668891868736,0.0,0.8777777552604675,214.9375,99.53797563618622,44.0,324.0,1.8940094262361526,0.10894956439733505,-0.012441447586752474,0.004542960959952325,0.03266656422038553,0.38420138880610466,0.29888668891868736,0.0,0.8777777552604675
61,124928,537.2002157322439,233,0.43767361249774694,0.37573226946094057,0.0,0.8777777552604675,188.9375,119.7739896377757,44.0,324.0,1.8847456574440002,0.12653007823973894,-0.007388171987258829,0.004886489710770547,0.033308450255872896,0.43767361249774694,0.37573226946094057,0.0,0.8777777552604675
62,126976,559.4214712154296,237,0.36857638880610466,0.375788416959421,0.0,0.8638888597488403,209.3125,117.68162491973843,49.0,324.0,1.878792941570282,0.12464511767029762,-0.010366168527980335,0.005308380001224577,0.03973125824904028,0.36857638880610466,0.375788416959421,0.0,0.8638888597488403
63,129024,549.3706742805715,241,0.393923606723547,0.3367965563476108,0.0,0.8638888597488403,204.6875,105.71466238772179,49.0,324.0,1.8974859863519669,0.11486458033323288,0.0014871066814521328,0.0029923106194473803,0.030019837662197145,0.393923606723547,0.3367965563476108,0.0,0.8638888597488403
64,131072,555.1727723102789,244,0.35243055410683155,0.2710965146365057,0.0,0.8638888597488403,224.125,86.5100247081227,49.0,324.0,1.8708427250385284,0.13043143693357706,-0.005688356090104207,0.00553011690499261,0.03538624331239167,0.35243055410683155,0.2710965146365057,0.0,0.8638888597488403
65,133120,558.9644354705785,248,0.3302083285525441,0.2865471193316098,0.0,0.8333333134651184,229.875,90.80258462731113,60.0,324.0,1.8717421889305115,0.13602828793227673,-0.01007683842908591,0.004156186478212476,0.033406596418086104,0.3302083285525441,0.2865471193316098,0.0,0.8333333134651184
66,135168,600.5186025860667,251,0.566840274259448,0.2438448860891189,0.0,0.9055555462837219,153.6875,82.8475397567725,34.0,324.0,1.8689642697572708,0.16663415729999542,-0.01892433303873986,0.005944091535639018,0.03723653619943746,0.566840274259448,0.2438448860891189,0.0,0.9055555462837219
67,137216,531.8531764476284,255,0.5074652805924416,0.28607186664573636,0.0,0.8305555582046509,170.5625,91.30852147390188,61.0,324.0,1.86566361784935,0.15124830603599548,-0.004108357010409236,0.004590368625940755,0.037488829406218976,0.5074652805924416,0.28607186664573636,0.0,0.8305555582046509
68,139264,545.657255648342,259,0.47968750447034836,0.29469119775196234,0.0,0.8500000238418579,180.5625,95.50390617011432,54.0,324.0,1.8385995775461197,0.19117259792983532,-0.011491332203149796,0.006522037379909307,0.04625908225904386,0.47968750447034836,0.29469119775196234,0.0,0.8500000238418579
69,141312,511.48729980463895,263,0.4972222279757261,0.3782472611404841,0.0,0.8916666507720947,169.75,121.62622044608638,39.0,324.0,1.8478436768054962,0.17208328656852245,0.006874945567687973,0.004574376856908202,0.03454532063288315,0.4972222279757261,0.3782472611404841,0.0,0.8916666507720947
70,143360,523.7441806639737,267,0.4644097201526165,0.3108834981425891,0.0,0.8916666507720947,183.8125,98.7890547770855,39.0,324.0,1.824287474155426,0.20477626100182533,-0.009088442893698812,0.007753467885777354,0.05240968768640604,0.4644097201526165,0.3108834981425891,0.0,0.8916666507720947
71,145408,559.4319639585004,271,0.5013888888061047,0.34130937945417783,0.0,0.925000011920929,170.5,109.96078846570717,27.0,324.0,1.8280351608991623,0.21607562713325024,-0.008607482915977016,0.007961734489072114,0.04649325280247214,0.5013888888061047,0.34130937945417783,0.0,0.925000011920929
72,147456,563.9397744499461,274,0.6562499944120646,0.2245118592001486,0.0,0.894444465637207,121.5,74.46727469163888,38.0,324.0,1.7960195541381836,0.24301403388381004,-0.017810410325182602,0.008878781227394938,0.06708191338002387,0.6562499944120646,0.2245118592001486,0.0,0.894444465637207
73,149504,531.0557519432678,278,0.556250000372529,0.3031987717801836,0.0,0.8805555701255798,153.0,96.99548958585652,43.0,324.0,1.8377885520458221,0.19123980589210987,-0.013824738533003256,0.005491387040819973,0.04619781237588087,0.556250000372529,0.3031987717801836,0.0,0.8805555701255798
74,151552,538.684156538669,282,0.6077160504129198,0.3042953203682686,0.0,0.9305555820465088,137.22222222222223,101.8733176033164,25.0,324.0,1.799328699707985,0.2454115841537714,-0.02261805022135377,0.00989278417546302,0.05080455796881428,0.6077160504129198,0.3042953203682686,0.0,0.9305555820465088
75,153600,540.4436838608132,286,0.5657986104488373,0.3088439212512397,0.0,0.9083333611488342,149.5625,99.04290026927725,33.0,324.0,1.803033098578453,0.2541994620114565,-0.004956669643433997,0.008708043955266476,0.05770756767133616,0.5657986104488373,0.3088439212512397,0.0,0.9083333611488342
76,155648,504.9135155326746,290,0.6302083358168602,0.27767510966023456,0.0,0.925000011920929,128.625,89.95823683799055,27.0,324.0,1.7951988726854324,0.26227691769599915,-0.0069919963425491005,0.007511627278290689,0.056368009955324136,0.6302083358168602,0.27767510966023456,0.0,0.925000011920929
77,157696,572.6615044072272,293,0.6114583350718021,0.30301799037932803,0.0,0.8972222208976746,135.375,100.30196595780164,37.0,324.0,1.8093557953834534,0.27332112938165665,-0.014199959812685847,0.008705693006049842,0.050899860594314714,0.6114583350718021,0.30301799037932803,0.0,0.8972222208976746
78,159744,559.9333049822841,297,0.6969576747644515,0.2537561787471616,0.0,0.9277777671813965,107.38095238095238,86.85481930893765,26.0,324.0,1.7517156302928925,0.3280823715031147,-0.020521825703326613,0.010235577123239636,0.08059560413969258,0.6969576747644515,0.2537561787471616,0.0,0.9277777671813965
79,161792,579.2692582026399,301,0.7038580261998706,0.1896004677913036,0.375,0.925000011920929,106.61111111111111,68.25616690810914,27.0,225.0,1.7491150796413422,0.34659116342663765,-0.02191034739371389,0.012042205780744553,0.08101529126032313,0.7038580261998706,0.1896004677913036,0.375,0.925000011920929
80,163840,544.0524726454794,304,0.6276234578755167,0.267477985850123,0.0,0.9083333611488342,132.05555555555554,91.84980023097022,33.0,324.0,1.7562226951122284,0.3535286858677864,0.013916841562604532,0.009398056718055159,0.06052736938488402,0.6276234578755167,0.267477985850123,0.0,0.9083333611488342
81,165888,588.352167960686,308,0.7513227491151719,0.15798745904615027,0.36944442987442017,0.9305555820465088,89.52380952380952,56.87548559509627,25.0,227.0,1.7280533462762833,0.3816932886838913,-0.0206274829688482,0.009318353026174009,0.06516792464322763,0.7513227491151719,0.15798745904615027,0.36944442987442017,0.9305555820465088
82,167936,568.8155581973932,311,0.7334541056467139,0.24749615239300668,0.0,0.9277777671813965,92.82608695652173,79.92695152663002,26.0,324.0,1.691190704703331,0.39948445931077003,-0.022672786726616323,0.010242119315080345,0.11112339529741933,0.7334541056467139,0.24749615239300668,0.0,0.9277777671813965
83,169984,565.9324263631647,315,0.776888896226883,0.2593864089172271,0.0,0.9527778029441833,77.44,84.87688966968571,17.0,324.0,1.670058235526085,0.43609682098031044,-0.022889324405696243,0.014103911584243178,0.09188355727002266,0.776888896226883,0.2593864089172271,0.0,0.9527778029441833
84,172032,544.1075423127597,319,0.778544065253488,0.16880950009277929,0.38333332538604736,0.9388889074325562,79.72413793103448,60.77141827725639,22.0,222.0,1.677845537662506,0.47778401523828506,-0.01191199681488797,0.013277217512950301,0.11376465488317768,0.778544065253488,0.16880950009277929,0.38333332538604736,0.9388889074325562
85,174080,515.0604518283795,323,0.7640946496416021,0.2027262297385222,0.0,0.9333333373069763,83.5925925925926,68.11007390505856,24.0,324.0,1.669393539428711,0.5076681450009346,0.0014565189485438168,0.010403252206742764,0.07205778293519105,0.7640946496416021,0.2027262297385222,0.0,0.9333333373069763
86,176128,577.8972850057722,326,0.8098765435042204,0.17565009903535955,0.0,0.9472222328186035,67.11111111111111,57.16016051951992,19.0,324.0,1.672040805220604,0.5253547579050064,0.015599655220285058,0.009076350717805326,0.07863871675225367,0.8098765435042204,0.17565009903535955,0.0,0.9472222328186035
87,178176,541.5035424939788,330,0.8040229904240576,0.1837936676793008,0.0,0.9416666626930237,69.3103448275862,60.847521950095064,21.0,324.0,1.6866668909788132,0.5106864646077156,0.007975484622875229,0.008193859190214425,0.06194843231511317,0.8040229904240576,0.1837936676793008,0.0,0.9416666626930237
88,180224,516.1459426684276,334,0.800966185072194,0.19930368846897037,0.0,0.9555555582046509,70.08695652173913,65.5683599754308,16.0,324.0,1.7083341181278229,0.4744506999850273,0.010521011659875512,0.00817108922637999,0.07024342713719336,0.800966185072194,0.19930368846897037,0.0,0.9555555582046509
89,182272,525.32075032764,338,0.7176666700839996,0.29273811982915676,0.0,0.9388889074325562,97.32,94.92511574920518,22.0,324.0,1.6858988404273987,0.4725515581667423,0.012359035143163055,0.010811535059474409,0.09006934142449512,0.7176666700839996,0.29273811982915676,0.0,0.9388889074325562
90,184320,530.1302070183478,342,0.7971326218497369,0.19329213683301494,0.0,0.9472222328186035,71.87096774193549,64.93110092094089,19.0,324.0,1.6697692573070526,0.501883327960968,-0.013304785883519799,0.01163828605785966,0.08150683362908379,0.7971326218497369,0.19329213683301494,0.0,0.9472222328186035
91,186368,459.7051010529414,346,0.810802470754694,0.17513684740373997,0.0,0.949999988079071,66.77777777777777,56.94788607485849,18.0,324.0,1.6588758081197739,0.5058873146772385,-0.0007764471811242402,0.008621097775176167,0.05800384135447022,0.810802470754694,0.17513684740373997,0.0,0.949999988079071
92,188416,538.4867086802336,350,0.7504480317715676,0.27061012203274815,0.0,0.9361110925674438,86.35483870967742,87.87180853181185,23.0,324.0,1.6352316290140152,0.5129563808441162,-0.001022570111672394,0.012286669109016657,0.08638698255312566,0.7504480317715676,0.27061012203274815,0.0,0.9361110925674438
93,190464,507.5842223658911,354,0.848476706973968,0.09909697717577527,0.48055556416511536,0.9472222328186035,54.54838709677419,35.67491095422793,19.0,187.0,1.629017025232315,0.5161398090422153,-0.025433416361920536,0.011049271677620709,0.07965572139204158,0.848476706973968,0.09909697717577527,0.48055556416511536,0.9472222328186035
94,192512,515.0549546235528,358,0.8135416666045785,0.15027583553619625,0.30000001192092896,0.9472222328186035,67.125,54.09930105833161,19.0,252.0,1.6000086218118668,0.5276692509651184,-0.009784967231098562,0.010447117034345865,0.07644283646996206,0.8135416666045785,0.15027583553619625,0.30000001192092896,0.9472222328186035
95,194560,480.5711058758237,362,0.8650516798329908,0.14425080582726577,0.0,0.949999988079071,47.74418604651163,46.95474962886687,18.0,324.0,1.5142729431390762,0.5723659321665764,-0.03548639873042703,0.01021559291984886,0.07914468454113124,0.8650516798329908,0.14425080582726577,0.0,0.949999988079071
96,196608,561.9481649570512,366,0.8281944397836923,0.17951038063023908,0.19722221791744232,0.949999988079071,61.85,64.62373789870098,18.0,289.0,1.5507915318012238,0.5832764580845833,-0.019949344103224576,0.01235600863583386,0.0855664454687457,0.8281944397836923,0.17951038063023908,0.19722221791744232,0.949999988079071
97,198656,464.40136866991514,371,0.8626634022768807,0.0652288826387051,0.7027778029441833,0.9472222328186035,49.44117647058823,23.482397883960296,19.0,107.0,1.6022218018770218,0.5707288980484009,0.0022453040292020887,0.008341523760464042,0.06462951648728867,0.8626634022768807,0.0652288826387051,0.7027778029441833,0.9472222328186035
98,200704,462.2622226371911,375,0.8448948964879319,0.12010782207710585,0.2750000059604645,0.9361110925674438,55.83783783783784,43.23881734107427,23.0,261.0,1.5644274652004242,0.5901441797614098,-0.0063195737602654845,0.007581511570606381,0.05867383772338257,0.8448948964879319,0.12010782207710585,0.2750000059604645,0.9361110925674438
99,202752,505.2195393821336,379,0.8302380927971431,0.12791188949530125,0.21666666865348816,0.9416666626930237,61.114285714285714,46.048279898739466,21.0,282.0,1.602751225233078,0.5969720035791397,0.0009161747002508491,0.006339383544400334,0.058522346930153304,0.8302380927971431,0.12791188949530125,0.21666666865348816,0.9416666626930237
100,204800,566.5804801710492,383,0.8332602381706238,0.1588844509750568,0.0,0.9416666626930237,59.078947368421055,52.311507025825776,21.0,324.0,1.562937319278717,0.6107316315174103,-0.0017659657751210034,0.0076921258587390184,0.0601334975412923,0.8332602381706238,0.1588844509750568,0.0,0.9416666626930237
101,206848,540.1816855507404,386,0.8621951167176409,0.1015164272380044,0.4277777671813965,0.949999988079071,49.609756097560975,36.54591368754631,18.0,206.0,1.5507786720991135,0.6090562045574188,-0.008714098366908729,0.008162964892107993,0.062420324792343995,0.8621951167176409,0.1015164272380044,0.4277777671813965,0.949999988079071
102,208896,508.6255070824717,390,0.855366165665063,0.10092758279316219,0.43888887763023376,0.949999988079071,52.06818181818182,36.33392962712347,18.0,202.0,1.5548560321331024,0.6381144300103188,-0.011034928451408632,0.0068162643583491445,0.05885067691691315,0.855366165665063,0.10092758279316219,0.43888887763023376,0.949999988079071
103,210944,523.2337083487721,394,0.8783687974544282,0.06613742217090122,0.5861111283302307,0.9527778029441833,43.787234042553195,23.809470822765412,17.0,149.0,1.5201826244592667,0.6616781577467918,-0.014020262053236365,0.006373205338604748,0.05651321894456966,0.8783687974544282,0.06613742217090122,0.5861111283302307,0.9527778029441833
104,212992,491.14413451939924,399,0.8756410280863444,0.05878929845158425,0.6944444179534912,0.9416666626930237,44.76923076923077,21.164146676312967,21.0,110.0,1.5627954453229904,0.6406216099858284,0.00583017771714367,0.005388760124333203,0.054443918405435346,0.8756410280863444,0.05878929845158425,0.6944444179534912,0.9416666626930237
105,215040,516.1147756674123,403,0.8567283948262533,0.0901901059167536,0.5166666507720947,0.9444444179534912,51.577777777777776,32.468438616182944,20.0,174.0,1.5364603102207184,0.6565653085708618,-0.010573482839390635,0.005151043820660561,0.05515619934249115,0.8567283948262533,0.0901901059167536,0.5166666507720947,0.9444444179534912
106,217088,541.8364023857888,406,0.8882086167530138,0.04694473655363719,0.7333333492279053,0.9472222328186035,40.244897959183675,16.900103383628835,19.0,96.0,1.503968745470047,0.6760779321193695,-0.012500528478994966,0.005265190731734037,0.05673504701373721,0.8882086167530138,0.04694473655363719,0.7333333492279053,0.9472222328186035
107,219136,580.0050932802488,410,0.8735479820858348,0.07063248387520424,0.6166666746139526,0.9444444179534912,45.52272727272727,25.427694848122904,20.0,138.0,1.5520730912685394,0.6636350378394127,0.005453200050396845,0.004915337369311601,0.05095354428740504,0.8735479820858348,0.07063248387520424,0.6166666746139526,0.9444444179534912
108,221184,547.9794835939817,414,0.8816137668632326,0.05622268666670775,0.6888889074325562,0.949999988079071,42.61904761904762,20.24016796108596,18.0,112.0,1.545446738600731,0.6671983972191811,0.004091671523383411,0.0053876893944107,0.054850220446743356,0.8816137668632326,0.05622268666670775,0.6888889074325562,0.949999988079071
109,223232,556.2088330779329,417,0.8703252048027225,0.14222079165346585,0.0,0.949999988079071,45.80487804878049,45.84769032254468,18.0,324.0,1.5715926736593246,0.6471663564443588,0.004856298590311781,0.006238848262000829,0.057430124441784434,0.8703252048027225,0.14222079165346585,0.0,0.949999988079071
110,225280,549.9301373420964,421,0.8278472268953919,0.1510795630749401,0.12222222238779068,0.9333333373069763,61.975,54.38864196686658,24.0,316.0,1.6302237659692764,0.6231101229786873,0.011648430110653862,0.007373865402769297,0.05796642986853051,0.8278472268953919,0.1510795630749401,0.12222222238779068,0.9333333373069763
111,227328,513.6470661679328,425,0.8539930563420057,0.09614467232730224,0.5027777552604675,0.9472222328186035,52.5625,34.61208017080164,19.0,179.0,1.5888809263706207,0.6075359210371971,0.013302647974342108,0.005548141780309379,0.06153946992687783,0.8539930563420057,0.09614467232730224,0.5027777552604675,0.9472222328186035
112,229376,488.7502153305325,429,0.847803616939589,0.11069781192546574,0.4305555522441864,0.9472222328186035,54.7906976744186,39.85121056171545,19.0,205.0,1.5291796326637268,0.6441232562065125,-0.005076499219285324,0.00707411824259907,0.0641656046467339,0.847803616939589,0.11069781192546574,0.4305555522441864,0.9472222328186035
113,231424,531.834604493758,433,0.8836934136019813,0.06460514624324892,0.49444442987442017,0.9416666626930237,41.870370370370374,23.257851160491306,21.0,182.0,1.4852333813905716,0.6817542836070061,-0.03114941227249801,0.004571650788420811,0.059582024014334024,0.8836934136019813,0.06460514624324892,0.49444442987442017,0.9416666626930237
114,233472,523.8281157460393,437,0.8983918135626274,0.049493718522407484,0.7250000238418579,0.9555555582046509,36.578947368421055,17.817739404550117,16.0,99.0,1.400366187095642,0.7030973583459854,-0.03572650742717087,0.004774990084115416,0.06276000277461635,0.8983918135626274,0.049493718522407484,0.7250000238418579,0.9555555582046509
115,235520,556.3198901288995,441,0.9088383848016912,0.03703022810456413,0.7527777552604675,0.949999988079071,32.81818181818182,13.330881317235367,18.0,89.0,1.4024722874164581,0.7121372371912003,-0.015758291236124933,0.00453007739270106,0.06451670225834727,0.9088383848016912,0.03703022810456413,0.7527777552604675,0.949999988079071
116,237568,475.84719682319997,445,0.8901785686612129,0.10687351011182235,0.25555557012557983,0.9555555582046509,39.535714285714285,38.47446476269047,16.0,268.0,1.44670769572258,0.703698143362999,0.0033283469965681434,0.006827567529398948,0.05851164447871077,0.8901785686612129,0.10687351011182235,0.25555557012557983,0.9555555582046509
117,239616,472.8828568860058,449,0.8911220057337892,0.06599841759898212,0.5777778029441833,0.949999988079071,39.19607843137255,23.759431240174788,18.0,152.0,1.4744015634059906,0.7013189494609833,-0.007481741369701922,0.004623681190423667,0.05349635437172778,0.8911220057337892,0.06599841759898212,0.5777778029441833,0.949999988079071
118,241664,537.2970557273237,453,0.8910377318004392,0.05027771149102768,0.6972222328186035,0.949999988079071,39.22641509433962,18.099975512788568,18.0,109.0,1.5097905993461609,0.7097368389368057,0.0031014440464787185,0.004547898250166327,0.049095031240331655,0.8910377318004392,0.05027771149102768,0.6972222328186035,0.949999988079071
119,243712,510.649719149433,457,0.9074423436848622,0.03219027962014448,0.800000011920929,0.9527778029441833,33.320754716981135,11.588500456341567,17.0,72.0,1.5234819501638412,0.71769779920578,-0.0010335071056033485,0.004042660613777116,0.05549414080663759,0.9074423436848622,0.03219027962014448,0.800000011920929,0.9527778029441833
120,245760,534.4274761772006,461,0.8673202652557224,0.1363954712054538,0.0,0.9416666626930237,47.05882352941177,44.66714007564717,21.0,324.0,1.520907074213028,0.7012192606925964,0.015628778899554163,0.005313481553457677,0.07242464472776348,0.8673202652557224,0.1363954712054538,0.0,0.9416666626930237
121,247808,582.5250375439906,464,0.8840740760167439,0.04748618859895573,0.6972222328186035,0.949999988079071,41.733333333333334,17.09502851708648,18.0,109.0,1.535936489701271,0.6950143128633499,0.014608330617193133,0.004268778022378683,0.05300464641127314,0.8840740760167439,0.04748618859895573,0.6972222328186035,0.949999988079071
122,249856,548.298515389082,468,0.8705555531713698,0.08714217739625688,0.5249999761581421,0.9416666626930237,46.6,31.371182813389602,21.0,171.0,1.542209044098854,0.6747563630342484,0.006368760034092702,0.0050888858386315405,0.05393452893844661,0.8705555531713698,0.08714217739625688,0.5249999761581421,0.9416666626930237
123,251904,581.0426061697725,472,0.867777779367235,0.07108892168045866,0.6361111402511597,0.9527778029441833,47.6,25.592012642836654,17.0,131.0,1.5310027599334717,0.6709584593772888,0.010261124290991575,0.004976097086910158,0.05577609756970153,0.867777779367235,0.07108892168045866,0.6361111402511597,0.9527778029441833
124,253952,563.9228923122938,475,0.9013888895511627,0.0441317115777242,0.7722222208976746,0.9583333134651184,35.5,15.88741640418605,15.0,82.0,1.500344604253769,0.6836012452840805,-0.008828920894302428,0.005127157841343433,0.050962871333034544,0.9013888895511627,0.0441317115777242,0.7722222208976746,0.9583333134651184
125,256000,554.1449611679478,479,0.8826967614392439,0.0633233796422959,0.7027778029441833,0.9444444179534912,42.229166666666664,22.7964174664695,20.0,107.0,1.4904873818159103,0.6811665147542953,-0.004144005768466741,0.0054157645790837705,0.05484277364359927,0.8826967614392439,0.0633233796422959,0.7027778029441833,0.9444444179534912
126,258048,529.5848831772474,483,0.8736689798533916,0.1405376541967114,0.0,0.949999988079071,44.729166666666664,45.98221557630249,18.0,324.0,1.5179383009672165,0.6792111545801163,-0.0016912184364628047,0.007171991805080324,0.05582496671132943,0.8736689798533916,0.1405376541967114,0.0,0.949999988079071
127,260096,555.4632745772869,487,0.8859649133263973,0.052443077927435584,0.7250000238418579,0.949999988079071,41.05263157894737,18.879508108214196,18.0,99.0,1.4967336505651474,0.7117024883627892,-0.0053969098516972736,0.004189025639789179,0.05068972097884626,0.8859649133263973,0.052443077927435584,0.7250000238418579,0.949999988079071
128,262144,571.1386984653939,490,0.8963333356380463,0.04123270291814803,0.7111111283302307,0.9444444179534912,37.32,14.843773105245175,20.0,104.0,1.4763146340847015,0.7137553542852402,-0.0013103266537655145,0.0039493713702540845,0.047078615232956374,0.8963333356380463,0.04123270291814803,0.7111111283302307,0.9444444179534912
129,264192,571.3631026197231,494,0.8852777814865113,0.06600423089900903,0.6000000238418579,0.949999988079071,41.3,23.761523520178585,18.0,144.0,1.515210136771202,0.710019551217556,0.005864342027052771,0.004241689195623621,0.04560219825486138,0.8852777814865113,0.06600423089900903,0.6000000238418579,0.949999988079071
130,266240,512.8111585692233,498,0.8827664414230658,0.06654131313964856,0.550000011920929,0.9472222328186035,42.204081632653065,23.9548721914274,19.0,162.0,1.5600227564573288,0.7011449560523033,0.012546876445412636,0.004197353991912678,0.04396444499462797,0.8827664414230658,0.06654131313964856,0.550000011920929,0.9472222328186035
131,268288,588.9228588823132,501,0.8788416068604652,0.06168745928534316,0.6833333373069763,0.9388889074325562,43.61702127659574,22.207486940975333,22.0,114.0,1.5357276499271393,0.7095598801970482,0.006986315747781191,0.0036352949973661453,0.03934339009771104,0.8788416068604652,0.06168745928534316,0.6833333373069763,0.9388889074325562
132,270336,560.0973071829147,505,0.8823495395481586,0.05288880671663842,0.7055555582046509,0.9527778029441833,42.354166666666664,19.039968469132386,17.0,106.0,1.502189889550209,0.7026175335049629,0.009565608255797997,0.0033736316254362464,0.04972472039361841,0.8823495395481586,0.05288880671663842,0.7055555582046509,0.9527778029441833
133,272384,554.1385980212522,509,0.8872222238116794,0.04376956591178002,0.7055555582046509,0.9361110925674438,40.6,15.757044280081352,23.0,106.0,1.5836420059204102,0.6784479543566704,0.010900910943746567,0.004269704542821273,0.06434955791603095,0.8872222238116794,0.04376956591178002,0.7055555582046509,0.9361110925674438
134,274432,547.8547491427985,512,0.8495370397965113,0.13024690046380138,0.28611111640930176,0.9583333134651184,54.166666666666664,46.88888418716595,15.0,257.0,1.5902251899242401,0.6598354950547218,0.010854082967853174,0.0061518854345194995,0.052993440684333044,0.8495370397965113,0.13024690046380138,0.28611111640930176,0.9583333134651184
135,276480,513.4049371522425,516,0.8687321971624326,0.06405039165986705,0.6027777791023254,0.9444444179534912,47.256410256410255,23.058140504472544,20.0,143.0,1.5684759467840195,0.6632619872689247,0.014466472202911973,0.003953760664444417,0.050166060310278496,0.8687321971624326,0.06405039165986705,0.6027777791023254,0.9444444179534912
136,278528,571.1772073158317,520,0.8569105747269421,0.09163714665110563,0.49444442987442017,0.9361110925674438,51.51219512195122,32.9893714969959,23.0,182.0,1.6009247452020645,0.6480123326182365,0.00790266333206091,0.0046127681562211365,0.05299006774834494,0.8569105747269421,0.09163714665110563,0.49444442987442017,0.9361110925674438
137,280576,564.6492927335787,524,0.8700292408466339,0.06988793451619786,0.5666666626930237,0.949999988079071,46.78947368421053,25.159656401654367,18.0,156.0,1.6084084510803223,0.6236448660492897,0.010062291927170008,0.0045935412344988436,0.06372433144554238,0.8700292408466339,0.06988793451619786,0.5666666626930237,0.949999988079071
138,282624,556.3165754263837,527,0.8458994744079453,0.15825236790689087,0.20555555820465088,0.9527778029441833,55.476190476190474,56.97085223634229,17.0,286.0,1.556360900402069,0.6483350917696953,0.0028188133146613836,0.007688183803111315,0.061337606025654856,0.8458994744079453,0.15825236790689087,0.20555555820465088,0.9527778029441833
139,284672,557.7553282109923,531,0.8775106851871197,0.13299598978001442,0.0,0.9527778029441833,43.40384615384615,43.351984967146734,17.0,324.0,1.5250507593154907,0.66156817227602,-0.026578610064461827,0.0075315036228857934,0.057138970716490406,0.8775106851871197,0.13299598978001442,0.0,0.9527778029441833
140,286720,528.4553594855722,535,0.8922839535607232,0.05033798144157952,0.6805555820465088,0.9416666626930237,38.77777777777778,18.12167381144455,21.0,115.0,1.5581869930028915,0.6676429808139801,-0.011496782884933054,0.005784531065728515,0.05229120118546336,0.8922839535607232,0.05033798144157952,0.6805555820465088,0.9416666626930237
141,288768,526.0189117179841,539,0.8777777739933559,0.07248122231381376,0.5444444417953491,0.9472222328186035,44.0,26.093239409033576,19.0,164.0,1.6356257200241089,0.6306618079543114,0.025034004589542747,0.004863523703534156,0.05758165197013986,0.8777777739933559,0.07248122231381376,0.5444444417953491,0.9472222328186035
142,290816,560.1895732470726,542,0.8123123138337522,0.19302305394375038,0.0,0.9305555820465088,66.5945945945946,65.5259220253182,25.0,324.0,1.6226969510316849,0.6192306280136108,0.020854485454037786,0.008441390993539244,0.062240491347784255,0.8123123138337522,0.19302305394375038,0.0,0.9305555820465088
143,292864,562.8044485345811,546,0.8308888822793961,0.14971850172937548,0.17777778208255768,0.9333333373069763,60.88,53.89866046572958,24.0,296.0,1.680278480052948,0.5486762672662735,0.037105260184034705,0.005845380888786167,0.05805620091451917,0.8308888822793961,0.14971850172937548,0.17777778208255768,0.9333333373069763
144,294912,558.2227217743482,550,0.7885057443174822,0.17118356262112175,0.2916666567325592,0.9277777671813965,76.13793103448276,61.626082777327355,26.0,255.0,1.6598180383443832,0.5476646050810814,0.01590149221010506,0.006421741680242121,0.05229342486760792,0.7885057443174822,0.17118356262112175,0.2916666567325592,0.9277777671813965
145,296960,583.7504513736928,553,0.8108108079916722,0.2006202670160381,0.0,0.9388889074325562,67.13513513513513,68.42718053370714,22.0,324.0,1.6261067241430283,0.5479576513171196,-0.007638062015757896,0.009711840539239347,0.06733389057581124,0.8108108079916722,0.2006202670160381,0.0,0.9388889074325562
146,299008,532.4636438618004,557,0.8470085461934408,0.15043908626444993,0.0,0.949999988079071,54.15384615384615,49.01571619312575,18.0,324.0,1.5821831077337265,0.5862741097807884,-0.027809728868305683,0.00884889526059851,0.06055136961603436,0.8470085461934408,0.15043908626444993,0.0,0.949999988079071
147,301056,583.1117463766354,561,0.8629844978798268,0.08476953755598526,0.5638889074325562,0.9444444179534912,49.325581395348834,30.517033695826537,20.0,157.0,1.559056282043457,0.6039392352104187,-0.01905601064208895,0.007978051202371716,0.060286088723620054,0.8629844978798268,0.08476953755598526,0.5638889074325562,0.9444444179534912
148,303104,579.9389548502271,564,0.8860576920784436,0.06997975229645954,0.6388888955116272,0.9472222328186035,41.01923076923077,25.19271138842724,19.0,130.0,1.5246662497520447,0.6740104556083679,-0.03195789270102978,0.007529099006205797,0.07611435612681888,0.8860576920784436,0.06997975229645954,0.6388888955116272,0.9472222328186035
149,305152,560.7633929302931,568,0.8921296331617568,0.06338311064649584,0.6277777552604675,0.949999988079071,38.833333333333336,22.817918559925825,18.0,134.0,1.4782152622938156,0.6935449466109276,-0.019589698291383684,0.005675011430867016,0.060441100254378904,0.8921296331617568,0.06338311064649584,0.6277777552604675,0.949999988079071
150,307200,564.3099915687898,571,0.8931666672229767,0.049812016607170356,0.7472222447395325,0.9555555582046509,38.46,17.932328348544146,16.0,91.0,1.5159824043512344,0.7151271775364876,0.00030206350493244827,0.0043910653330385685,0.042036425884742074,0.8931666672229767,0.049812016607170356,0.7472222447395325,0.9555555582046509
151,309248,559.8253977967737,575,0.877190174964758,0.08408022606657245,0.5555555820465088,0.949999988079071,44.21153846153846,30.268882560796495,18.0,160.0,1.5431192517280579,0.6974444761872292,0.015966233622748405,0.005152922298293561,0.047179496741981894,0.877190174964758,0.08408022606657245,0.5555555820465088,0.949999988079071
152,311296,562.6065762463468,579,0.8765782862901688,0.05206657468570753,0.7222222089767456,0.9333333373069763,44.43181818181818,18.743965971228675,24.0,100.0,1.5867438465356827,0.6979257613420486,0.00984261665144004,0.003923155600205064,0.04371945235542936,0.8765782862901688,0.05206657468570753,0.7222222089767456,0.9333333373069763
153,313344,608.7787982912675,582,0.8842222225666047,0.05315490746078476,0.6666666865348816,0.9472222328186035,41.68,19.1357675571167,19.0,120.0,1.5510639697313309,0.6997777074575424,-0.002143857185728848,0.0034554368467070162,0.03783008353923431,0.8842222225666047,0.05315490746078476,0.6666666865348816,0.9472222328186035
154,315392,567.8674604443256,586,0.8671783616668299,0.05598827310486863,0.7027778029441833,0.9444444179534912,47.81578947368421,20.155781804886782,20.0,107.0,1.6096149235963821,0.6465006470680237,0.01579963741824031,0.0036285044625401497,0.03908466877173425,0.8671783616668299,0.05598827310486863,0.7027778029441833,0.9444444179534912
